Trait,Condition
Colon_and_Rectal_Cancer,Rectal_Cancer
Rectal_Cancer,Colon_and_Rectal_Cancer
lower_grade_glioma_and_glioblastoma,Lower_Grade_Glioma
Lower_Grade_Glioma,lower_grade_glioma_and_glioblastoma
Anxiety_disorder,Generalized_Anxiety_Disorder
Generalized_Anxiety_Disorder,Anxiety_disorder
HIV_Resistance,Lung_Cancer
Lung_Cancer,HIV_Resistance
Lung_Cancer,Pancreatic_Cancer
Pancreatic_Cancer,Lung_Cancer
Thyroid_Cancer,Kidney_Papillary_Cell_Carcinoma
Kidney_Papillary_Cell_Carcinoma,Thyroid_Cancer
Type_1_Diabetes_Risk,Lung_Cancer
Lung_Cancer,Type_1_Diabetes_Risk
Lung_Cancer,Bladder_Cancer
Bladder_Cancer,Lung_Cancer
Cervical_Cancer,Lung_Cancer
Lung_Cancer,Cervical_Cancer
Lung_Cancer,Inflammatory_Disorders
Inflammatory_Disorders,Lung_Cancer
Type_1_Diabetes_Risk,Coronary_artery_disease
Coronary_artery_disease,Type_1_Diabetes_Risk
HIV_Resistance,Type_1_Diabetes_Risk
Type_1_Diabetes_Risk,HIV_Resistance
Cervical_Cancer,Bladder_Cancer
Bladder_Cancer,Cervical_Cancer
Breast_Cancer,Pancreatic_Cancer
Pancreatic_Cancer,Breast_Cancer
Endometriosis,Lung_Cancer
Lung_Cancer,Endometriosis
Inflammatory_Disorders,Type_1_Diabetes_Risk
Type_1_Diabetes_Risk,Inflammatory_Disorders
Lung_Cancer,Age
Lower_Grade_Glioma,Lung_Cancer
Lung_Cancer,Lower_Grade_Glioma
Cervical_Cancer,Pancreatic_Cancer
Pancreatic_Cancer,Cervical_Cancer
Pancreatic_Cancer,Bladder_Cancer
Bladder_Cancer,Pancreatic_Cancer
Type_1_Diabetes_Risk,Obesity
Obesity,Type_1_Diabetes_Risk
Pancreatic_Cancer,HIV_Resistance
HIV_Resistance,Pancreatic_Cancer
Lung_Cancer,Kidney_Papillary_Cell_Carcinoma
Kidney_Papillary_Cell_Carcinoma,Lung_Cancer
Lung_Cancer,Breast_Cancer
Breast_Cancer,Lung_Cancer
Lung_Cancer,Osteoarthritis
Osteoarthritis,Lung_Cancer
Breast_Cancer,HIV_Resistance
HIV_Resistance,Breast_Cancer
Inflammatory_Disorders,Asthma
Asthma,Inflammatory_Disorders
Thyroid_Cancer,Lung_Cancer
Lung_Cancer,Thyroid_Cancer
HIV_Resistance,Inflammatory_Disorders
Inflammatory_Disorders,HIV_Resistance
Type_1_Diabetes_Risk,Asthma
Asthma,Type_1_Diabetes_Risk
Lung_Cancer,Asthma
Asthma,Lung_Cancer
Cervical_Cancer,Breast_Cancer
Breast_Cancer,Cervical_Cancer
lower_grade_glioma_and_glioblastoma,Lung_Cancer
Lung_Cancer,lower_grade_glioma_and_glioblastoma
Lung_Cancer,Liver_Cancer
Liver_Cancer,Lung_Cancer
Generalized_Anxiety_Disorder,Substance_Use_Disorder
Substance_Use_Disorder,Generalized_Anxiety_Disorder
Lower_Grade_Glioma,Endometriosis
Endometriosis,Lower_Grade_Glioma
Post-Traumatic_Stress_Disorder,Anxiety_disorder
Anxiety_disorder,Post-Traumatic_Stress_Disorder
COVID-19,Susceptibility_to_Infections
Susceptibility_to_Infections,COVID-19
HIV_Resistance,Bladder_Cancer
Bladder_Cancer,HIV_Resistance
Coronary_artery_disease,Inflammatory_Disorders
Inflammatory_Disorders,Coronary_artery_disease
Chronic_kidney_disease,Coronary_artery_disease
Coronary_artery_disease,Chronic_kidney_disease
Lung_Cancer,Esophageal_Cancer
Esophageal_Cancer,Lung_Cancer
Breast_Cancer,Bladder_Cancer
Bladder_Cancer,Breast_Cancer
Kidney_Papillary_Cell_Carcinoma,Lower_Grade_Glioma
Lower_Grade_Glioma,Kidney_Papillary_Cell_Carcinoma
Lung_Cancer,Coronary_artery_disease
Coronary_artery_disease,Lung_Cancer
Inflammatory_Disorders,Chronic_kidney_disease
Chronic_kidney_disease,Inflammatory_Disorders
Endometriosis,Inflammatory_Disorders
Inflammatory_Disorders,Endometriosis
HIV_Resistance,Cervical_Cancer
Cervical_Cancer,HIV_Resistance
Type_1_Diabetes_Risk,Lupus_(Systemic_Lupus_Erythematosus)
Lupus_(Systemic_Lupus_Erythematosus),Type_1_Diabetes_Risk
Chronic_kidney_disease,Type_1_Diabetes_Risk
Type_1_Diabetes_Risk,Chronic_kidney_disease
Inflammatory_Disorders,Lupus_(Systemic_Lupus_Erythematosus)
Lupus_(Systemic_Lupus_Erythematosus),Inflammatory_Disorders
Lupus_(Systemic_Lupus_Erythematosus),Lung_Cancer
Lung_Cancer,Lupus_(Systemic_Lupus_Erythematosus)
Pancreatic_Cancer,Type_1_Diabetes_Risk
Type_1_Diabetes_Risk,Pancreatic_Cancer
lower_grade_glioma_and_glioblastoma,Kidney_Papillary_Cell_Carcinoma
Kidney_Papillary_Cell_Carcinoma,lower_grade_glioma_and_glioblastoma
Endometriosis,Type_1_Diabetes_Risk
Type_1_Diabetes_Risk,Endometriosis
lower_grade_glioma_and_glioblastoma,Endometriosis
Endometriosis,lower_grade_glioma_and_glioblastoma
Asthma,Lupus_(Systemic_Lupus_Erythematosus)
Lupus_(Systemic_Lupus_Erythematosus),Asthma
lower_grade_glioma_and_glioblastoma,Liver_Cancer
Liver_Cancer,lower_grade_glioma_and_glioblastoma
Susceptibility_to_Infections,Lupus_(Systemic_Lupus_Erythematosus)
Lupus_(Systemic_Lupus_Erythematosus),Susceptibility_to_Infections
Endometriosis,Kidney_Papillary_Cell_Carcinoma
Kidney_Papillary_Cell_Carcinoma,Endometriosis
Obesity,Age
Inflammatory_Disorders,Osteoarthritis
Osteoarthritis,Inflammatory_Disorders
Inflammatory_Disorders,Lower_Grade_Glioma
Lower_Grade_Glioma,Inflammatory_Disorders
Breast_Cancer,Age
Lupus_(Systemic_Lupus_Erythematosus),HIV_Resistance
HIV_Resistance,Lupus_(Systemic_Lupus_Erythematosus)
Osteoarthritis,Type_1_Diabetes_Risk
Type_1_Diabetes_Risk,Osteoarthritis
Liver_Cancer,Lower_Grade_Glioma
Lower_Grade_Glioma,Liver_Cancer
Esophageal_Cancer,Lower_Grade_Glioma
Lower_Grade_Glioma,Esophageal_Cancer
Type_1_Diabetes_Risk,Bladder_Cancer
Bladder_Cancer,Type_1_Diabetes_Risk
HIV_Resistance,Asthma
Asthma,HIV_Resistance
Bladder_Cancer,Endometriosis
Endometriosis,Bladder_Cancer
Large_B-cell_Lymphoma,Lung_Cancer
Lung_Cancer,Large_B-cell_Lymphoma
lower_grade_glioma_and_glioblastoma,Esophageal_Cancer
Esophageal_Cancer,lower_grade_glioma_and_glioblastoma
Pancreatic_Cancer,Age
Bladder_Cancer,Kidney_Papillary_Cell_Carcinoma
Kidney_Papillary_Cell_Carcinoma,Bladder_Cancer
Head_and_Neck_Cancer,lower_grade_glioma_and_glioblastoma
lower_grade_glioma_and_glioblastoma,Head_and_Neck_Cancer
Chronic_obstructive_pulmonary_disease_(COPD),Cystic_Fibrosis
Cystic_Fibrosis,Chronic_obstructive_pulmonary_disease_(COPD)
Osteoarthritis,Endometriosis
Endometriosis,Osteoarthritis
Thyroid_Cancer,Cervical_Cancer
Cervical_Cancer,Thyroid_Cancer
HIV_Resistance,Endometriosis
Endometriosis,HIV_Resistance
Bladder_Cancer,Lower_Grade_Glioma
Lower_Grade_Glioma,Bladder_Cancer
Kidney_Papillary_Cell_Carcinoma,Pancreatic_Cancer
Pancreatic_Cancer,Kidney_Papillary_Cell_Carcinoma
Endometriosis,Asthma
Asthma,Endometriosis
Lupus_(Systemic_Lupus_Erythematosus),COVID-19
COVID-19,Lupus_(Systemic_Lupus_Erythematosus)
Thyroid_Cancer,Bladder_Cancer
Bladder_Cancer,Thyroid_Cancer
Susceptibility_to_Infections,Inflammatory_Disorders
Inflammatory_Disorders,Susceptibility_to_Infections
Pancreatic_Cancer,Endometriosis
Endometriosis,Pancreatic_Cancer
Lower_Grade_Glioma,Thyroid_Cancer
Thyroid_Cancer,Lower_Grade_Glioma
Type_1_Diabetes_Risk,Cervical_Cancer
Cervical_Cancer,Type_1_Diabetes_Risk
Breast_Cancer,Type_1_Diabetes_Risk
Type_1_Diabetes_Risk,Breast_Cancer
Inflammatory_Disorders,lower_grade_glioma_and_glioblastoma
lower_grade_glioma_and_glioblastoma,Inflammatory_Disorders
Asthma,Crohns_Disease
Crohns_Disease,Asthma
Lower_Grade_Glioma,Osteoarthritis
Osteoarthritis,Lower_Grade_Glioma
Pancreatic_Cancer,Thyroid_Cancer
Thyroid_Cancer,Pancreatic_Cancer
Osteoarthritis,Coronary_artery_disease
Coronary_artery_disease,Osteoarthritis
Osteoarthritis,Bladder_Cancer
Bladder_Cancer,Osteoarthritis
Lung_Cancer,Chronic_kidney_disease
Chronic_kidney_disease,Lung_Cancer
Lower_Grade_Glioma,HIV_Resistance
HIV_Resistance,Lower_Grade_Glioma
Susceptibility_to_Infections,Sjögrens_Syndrome
Sjögrens_Syndrome,Susceptibility_to_Infections
Coronary_artery_disease,Asthma
Asthma,Coronary_artery_disease
Obesity,Lung_Cancer
Lung_Cancer,Obesity
HIV_Resistance,Osteoarthritis
Osteoarthritis,HIV_Resistance
Inflammatory_Disorders,COVID-19
COVID-19,Inflammatory_Disorders
Liver_Cancer,Bladder_Cancer
Bladder_Cancer,Liver_Cancer
Susceptibility_to_Infections,Chronic_obstructive_pulmonary_disease_(COPD)
Chronic_obstructive_pulmonary_disease_(COPD),Susceptibility_to_Infections
Pancreatic_Cancer,Osteoarthritis
Osteoarthritis,Pancreatic_Cancer
Kidney_Papillary_Cell_Carcinoma,Inflammatory_Disorders
Inflammatory_Disorders,Kidney_Papillary_Cell_Carcinoma
Esophageal_Cancer,Bladder_Cancer
Bladder_Cancer,Esophageal_Cancer
Asthma,COVID-19
COVID-19,Asthma
Coronary_artery_disease,Endometriosis
Endometriosis,Coronary_artery_disease
Asthma,Osteoarthritis
Osteoarthritis,Asthma
Type_1_Diabetes_Risk,Lower_Grade_Glioma
Lower_Grade_Glioma,Type_1_Diabetes_Risk
Endometriosis,Chronic_kidney_disease
Chronic_kidney_disease,Endometriosis
Chronic_kidney_disease,Gender
Cervical_Cancer,Osteoarthritis
Osteoarthritis,Cervical_Cancer
Kidney_Papillary_Cell_Carcinoma,Cervical_Cancer
Cervical_Cancer,Kidney_Papillary_Cell_Carcinoma
Endometriosis,Cervical_Cancer
Cervical_Cancer,Endometriosis
Endometriosis,Lupus_(Systemic_Lupus_Erythematosus)
Lupus_(Systemic_Lupus_Erythematosus),Endometriosis
Lupus_(Systemic_Lupus_Erythematosus),Coronary_artery_disease
Coronary_artery_disease,Lupus_(Systemic_Lupus_Erythematosus)
Obesity,HIV_Resistance
HIV_Resistance,Obesity
Pancreatic_Cancer,Inflammatory_Disorders
Inflammatory_Disorders,Pancreatic_Cancer
Lower_Grade_Glioma,Large_B-cell_Lymphoma
Large_B-cell_Lymphoma,Lower_Grade_Glioma
Thyroid_Cancer,Endometriosis
Endometriosis,Thyroid_Cancer
Esophageal_Cancer,Liver_Cancer
Liver_Cancer,Esophageal_Cancer
Crohns_Disease,Inflammatory_Disorders
Inflammatory_Disorders,Crohns_Disease
Lower_Grade_Glioma,Chronic_kidney_disease
Chronic_kidney_disease,Lower_Grade_Glioma
Susceptibility_to_Infections,Asthma
Asthma,Susceptibility_to_Infections
lower_grade_glioma_and_glioblastoma,Large_B-cell_Lymphoma
Large_B-cell_Lymphoma,lower_grade_glioma_and_glioblastoma
Cervical_Cancer,Liver_Cancer
Liver_Cancer,Cervical_Cancer
Coronary_artery_disease,HIV_Resistance
HIV_Resistance,Coronary_artery_disease
Cervical_Cancer,Lower_Grade_Glioma
Lower_Grade_Glioma,Cervical_Cancer
Lower_Grade_Glioma,Pancreatic_Cancer
Pancreatic_Cancer,Lower_Grade_Glioma
Lower_Grade_Glioma,Head_and_Neck_Cancer
Post-Traumatic_Stress_Disorder,Substance_Use_Disorder
Head_and_Neck_Cancer,Lower_Grade_Glioma
Substance_Use_Disorder,Post-Traumatic_Stress_Disorder
Cervical_Cancer,Esophageal_Cancer
Esophageal_Cancer,Cervical_Cancer
Kidney_Papillary_Cell_Carcinoma,HIV_Resistance
HIV_Resistance,Kidney_Papillary_Cell_Carcinoma
Obesity,Inflammatory_Disorders
Inflammatory_Disorders,Obesity
Crohns_Disease,Type_1_Diabetes_Risk
Type_1_Diabetes_Risk,Crohns_Disease
Crohns_Disease,Susceptibility_to_Infections
Susceptibility_to_Infections,Crohns_Disease
Kidney_Papillary_Cell_Carcinoma,Esophageal_Cancer
Esophageal_Cancer,Kidney_Papillary_Cell_Carcinoma
lower_grade_glioma_and_glioblastoma,Thyroid_Cancer
Thyroid_Cancer,lower_grade_glioma_and_glioblastoma
Crohns_Disease,Lupus_(Systemic_Lupus_Erythematosus)
Lupus_(Systemic_Lupus_Erythematosus),Crohns_Disease
Bladder_Cancer,Age
lower_grade_glioma_and_glioblastoma,Colon_and_Rectal_Cancer
Colon_and_Rectal_Cancer,lower_grade_glioma_and_glioblastoma
Coronary_artery_disease,Obesity
Obesity,Coronary_artery_disease
Endometriosis,Liver_Cancer
Liver_Cancer,Endometriosis
COVID-19,Type_1_Diabetes_Risk
Type_1_Diabetes_Risk,COVID-19
Chronic_obstructive_pulmonary_disease_(COPD),COVID-19
COVID-19,Chronic_obstructive_pulmonary_disease_(COPD)
Osteoarthritis,Thyroid_Cancer
Thyroid_Cancer,Osteoarthritis
Parkinsons_Disease,Inflammatory_Disorders
Inflammatory_Disorders,Parkinsons_Disease
Osteoarthritis,lower_grade_glioma_and_glioblastoma
lower_grade_glioma_and_glioblastoma,Osteoarthritis
Osteoarthritis,Kidney_Papillary_Cell_Carcinoma
Kidney_Papillary_Cell_Carcinoma,Osteoarthritis
Kidney_Papillary_Cell_Carcinoma,Liver_Cancer
Liver_Cancer,Kidney_Papillary_Cell_Carcinoma
Esophageal_Cancer,Pancreatic_Cancer
Pancreatic_Cancer,Esophageal_Cancer
Type_1_Diabetes_Risk,Kidney_Papillary_Cell_Carcinoma
Kidney_Papillary_Cell_Carcinoma,Type_1_Diabetes_Risk
Chronic_kidney_disease,COVID-19
COVID-19,Chronic_kidney_disease
Esophageal_Cancer,Endometriosis
Endometriosis,Esophageal_Cancer
Glucocorticoid_Sensitivity,lower_grade_glioma_and_glioblastoma
lower_grade_glioma_and_glioblastoma,Glucocorticoid_Sensitivity
Liver_Cancer,Pancreatic_Cancer
Pancreatic_Cancer,Liver_Cancer
lower_grade_glioma_and_glioblastoma,Rectal_Cancer
Rectal_Cancer,lower_grade_glioma_and_glioblastoma
Esophageal_Cancer,Thyroid_Cancer
Thyroid_Cancer,Esophageal_Cancer
Coronary_artery_disease,Atrial_Fibrillation
Atrial_Fibrillation,Coronary_artery_disease
Lower_Grade_Glioma,Asthma
Asthma,Lower_Grade_Glioma
Liver_Cancer,Osteoarthritis
Osteoarthritis,Liver_Cancer
Lung_Cancer,Gender
Ankylosing_Spondylitis,Susceptibility_to_Infections
Susceptibility_to_Infections,Ankylosing_Spondylitis
Bladder_Cancer,lower_grade_glioma_and_glioblastoma
lower_grade_glioma_and_glioblastoma,Bladder_Cancer
Chronic_kidney_disease,lower_grade_glioma_and_glioblastoma
lower_grade_glioma_and_glioblastoma,Chronic_kidney_disease
Coronary_artery_disease,COVID-19
COVID-19,Coronary_artery_disease
COVID-19,Lung_Cancer
Lung_Cancer,COVID-19
Sjögrens_Syndrome,Lupus_(Systemic_Lupus_Erythematosus)
Lupus_(Systemic_Lupus_Erythematosus),Sjögrens_Syndrome
Osteoporosis,Osteoarthritis
Osteoarthritis,Osteoporosis
Lupus_(Systemic_Lupus_Erythematosus),Age
Parkinsons_Disease,Lung_Cancer
Lung_Cancer,Parkinsons_Disease
Post-Traumatic_Stress_Disorder,Generalized_Anxiety_Disorder
Generalized_Anxiety_Disorder,Post-Traumatic_Stress_Disorder
Inflammatory_Disorders,Bladder_Cancer
Bladder_Cancer,Inflammatory_Disorders
Osteoarthritis,Chronic_kidney_disease
Chronic_kidney_disease,Osteoarthritis
Cervical_Cancer,Age
Atrial_Fibrillation,Chronic_kidney_disease
Chronic_kidney_disease,Atrial_Fibrillation
Lung_Cancer,Crohns_Disease
Crohns_Disease,Lung_Cancer
Chronic_kidney_disease,Lupus_(Systemic_Lupus_Erythematosus)
Lupus_(Systemic_Lupus_Erythematosus),Chronic_kidney_disease
Thyroid_Cancer,HIV_Resistance
HIV_Resistance,Thyroid_Cancer
Osteoarthritis,Lupus_(Systemic_Lupus_Erythematosus)
Lupus_(Systemic_Lupus_Erythematosus),Osteoarthritis
HIV_Resistance,Liver_Cancer
Liver_Cancer,HIV_Resistance
Lupus_(Systemic_Lupus_Erythematosus),Large_B-cell_Lymphoma
Large_B-cell_Lymphoma,Lupus_(Systemic_Lupus_Erythematosus)
COVID-19,Endometriosis
Endometriosis,COVID-19
Thyroid_Cancer,Liver_Cancer
Liver_Cancer,Thyroid_Cancer
Lower_Grade_Glioma,Lupus_(Systemic_Lupus_Erythematosus)
Lupus_(Systemic_Lupus_Erythematosus),Lower_Grade_Glioma
Parkinsons_Disease,Type_1_Diabetes_Risk
Type_1_Diabetes_Risk,Parkinsons_Disease
Chronic_kidney_disease,Chronic_obstructive_pulmonary_disease_(COPD)
Chronic_obstructive_pulmonary_disease_(COPD),Chronic_kidney_disease
Susceptibility_to_Infections,Liver_cirrhosis
Liver_cirrhosis,Susceptibility_to_Infections
Glucocorticoid_Sensitivity,Lower_Grade_Glioma
Lower_Grade_Glioma,Glucocorticoid_Sensitivity
Breast_Cancer,Obesity
Obesity,Breast_Cancer
Susceptibility_to_Infections,Endometriosis
Endometriosis,Susceptibility_to_Infections
Crohns_Disease,Ankylosing_Spondylitis
Ankylosing_Spondylitis,Crohns_Disease
Type_1_Diabetes_Risk,lower_grade_glioma_and_glioblastoma
lower_grade_glioma_and_glioblastoma,Type_1_Diabetes_Risk
COVID-19,Gender
Endometriosis,Large_B-cell_Lymphoma
Large_B-cell_Lymphoma,Endometriosis
Susceptibility_to_Infections,Lung_Cancer
Lung_Cancer,Susceptibility_to_Infections
Large_B-cell_Lymphoma,HIV_Resistance
HIV_Resistance,Large_B-cell_Lymphoma
Asthma,Pancreatic_Cancer
Pancreatic_Cancer,Asthma
lower_grade_glioma_and_glioblastoma,HIV_Resistance
HIV_Resistance,lower_grade_glioma_and_glioblastoma
Type_1_Diabetes_Risk,Susceptibility_to_Infections
Susceptibility_to_Infections,Type_1_Diabetes_Risk
lower_grade_glioma_and_glioblastoma,Endometrioid_Cancer
Endometrioid_Cancer,lower_grade_glioma_and_glioblastoma
Chronic_obstructive_pulmonary_disease_(COPD),Obstructive_sleep_apnea
Obstructive_sleep_apnea,Chronic_obstructive_pulmonary_disease_(COPD)
Ankylosing_Spondylitis,Lupus_(Systemic_Lupus_Erythematosus)
Lupus_(Systemic_Lupus_Erythematosus),Ankylosing_Spondylitis
Ankylosing_Spondylitis,Psoriatic_Arthritis
Psoriatic_Arthritis,Ankylosing_Spondylitis
Chronic_kidney_disease,Kidney_Papillary_Cell_Carcinoma
Kidney_Papillary_Cell_Carcinoma,Chronic_kidney_disease
Inflammatory_Disorders,Large_B-cell_Lymphoma
Large_B-cell_Lymphoma,Inflammatory_Disorders
Susceptibility_to_Infections,HIV_Resistance
HIV_Resistance,Susceptibility_to_Infections
Type_1_Diabetes_Risk,Thyroid_Cancer
Thyroid_Cancer,Type_1_Diabetes_Risk
Cystic_Fibrosis,Susceptibility_to_Infections
Susceptibility_to_Infections,Cystic_Fibrosis
Crohns_Disease,COVID-19
COVID-19,Crohns_Disease
Inflammatory_Disorders,Glucocorticoid_Sensitivity
Glucocorticoid_Sensitivity,Inflammatory_Disorders
Asthma,Chronic_kidney_disease
Chronic_kidney_disease,Asthma
Asthma,Chronic_obstructive_pulmonary_disease_(COPD)
Chronic_obstructive_pulmonary_disease_(COPD),Asthma
Large_B-cell_Lymphoma,Liver_Cancer
Liver_Cancer,Large_B-cell_Lymphoma
Cervical_Cancer,lower_grade_glioma_and_glioblastoma
lower_grade_glioma_and_glioblastoma,Cervical_Cancer
HIV_Resistance,Chronic_kidney_disease
Chronic_kidney_disease,HIV_Resistance
Head_and_Neck_Cancer,Kidney_Papillary_Cell_Carcinoma
Kidney_Papillary_Cell_Carcinoma,Head_and_Neck_Cancer
Liver_cirrhosis,Inflammatory_Disorders
Inflammatory_Disorders,Liver_cirrhosis
Coronary_artery_disease,Lower_Grade_Glioma
Lower_Grade_Glioma,Coronary_artery_disease
Inflammatory_Disorders,Cervical_Cancer
Cervical_Cancer,Inflammatory_Disorders
Ankylosing_Spondylitis,COVID-19
COVID-19,Ankylosing_Spondylitis
Liver_Cancer,Type_1_Diabetes_Risk
Type_1_Diabetes_Risk,Liver_Cancer
Inflammatory_Disorders,Liver_Cancer
Bladder_Cancer,Asthma
Asthma,Bladder_Cancer
Liver_Cancer,Inflammatory_Disorders
Chronic_kidney_disease,Crohns_Disease
Crohns_Disease,Chronic_kidney_disease
Cystic_Fibrosis,COVID-19
COVID-19,Cystic_Fibrosis
Inflammatory_Disorders,Thyroid_Cancer
Thyroid_Cancer,Inflammatory_Disorders
lower_grade_glioma_and_glioblastoma,Gender
Pancreatic_Cancer,Obesity
Obesity,Pancreatic_Cancer
Sjögrens_Syndrome,COVID-19
COVID-19,Sjögrens_Syndrome
Sjögrens_Syndrome,Chronic_obstructive_pulmonary_disease_(COPD)
Chronic_obstructive_pulmonary_disease_(COPD),Sjögrens_Syndrome
Pancreatic_Cancer,lower_grade_glioma_and_glioblastoma
lower_grade_glioma_and_glioblastoma,Pancreatic_Cancer
lower_grade_glioma_and_glioblastoma,Chronic_obstructive_pulmonary_disease_(COPD)
Chronic_obstructive_pulmonary_disease_(COPD),lower_grade_glioma_and_glioblastoma
Lower_Grade_Glioma,COVID-19
COVID-19,Lower_Grade_Glioma
COVID-19,Liver_cirrhosis
Liver_cirrhosis,COVID-19
Chronic_kidney_disease,Age
Type_1_Diabetes_Risk,Esophageal_Cancer
Esophageal_Cancer,Type_1_Diabetes_Risk
Asthma,Obesity
Obesity,Asthma
Crohns_Disease,Endometriosis
Endometriosis,Crohns_Disease
Esophageal_Cancer,HIV_Resistance
HIV_Resistance,Esophageal_Cancer
Substance_Use_Disorder,Anxiety_disorder
Anxiety_disorder,Substance_Use_Disorder
Inflammatory_Disorders,Osteoporosis
Osteoporosis,Inflammatory_Disorders
Obstructive_sleep_apnea,Gender
Coronary_artery_disease,Pancreatic_Cancer
Pancreatic_Cancer,Coronary_artery_disease
Head_and_Neck_Cancer,Endometriosis
Endometriosis,Head_and_Neck_Cancer
Osteoporosis,Gender
Lower_Grade_Glioma,Crohns_Disease
Crohns_Disease,Lower_Grade_Glioma
Lower_Grade_Glioma,Chronic_obstructive_pulmonary_disease_(COPD)
Chronic_obstructive_pulmonary_disease_(COPD),Lower_Grade_Glioma
Atrial_Fibrillation,Obstructive_sleep_apnea
Obstructive_sleep_apnea,Atrial_Fibrillation
Susceptibility_to_Infections,Chronic_kidney_disease
Chronic_kidney_disease,Susceptibility_to_Infections
HIV_Resistance,Crohns_Disease
Crohns_Disease,HIV_Resistance
Chronic_obstructive_pulmonary_disease_(COPD),Liver_cirrhosis
Liver_cirrhosis,Chronic_obstructive_pulmonary_disease_(COPD)
Asthma,Cervical_Cancer
Cervical_Cancer,Asthma
Large_B-cell_Lymphoma,Kidney_Papillary_Cell_Carcinoma
Kidney_Papillary_Cell_Carcinoma,Large_B-cell_Lymphoma
Osteoporosis,Coronary_artery_disease
Coronary_artery_disease,Osteoporosis
Head_and_Neck_Cancer,Lung_Cancer
Lung_Cancer,Head_and_Neck_Cancer
lower_grade_glioma_and_glioblastoma,COVID-19
COVID-19,lower_grade_glioma_and_glioblastoma
Osteoporosis,Endometriosis
Endometriosis,Osteoporosis
Osteoporosis,Lung_Cancer
Lung_Cancer,Osteoporosis
Glucocorticoid_Sensitivity,Chronic_obstructive_pulmonary_disease_(COPD)
Chronic_obstructive_pulmonary_disease_(COPD),Glucocorticoid_Sensitivity
Coronary_artery_disease,Bladder_Cancer
Bladder_Cancer,Coronary_artery_disease
Liver_Cancer,Head_and_Neck_Cancer
Head_and_Neck_Cancer,Liver_Cancer
Lower_Grade_Glioma,Colon_and_Rectal_Cancer
Colon_and_Rectal_Cancer,Lower_Grade_Glioma
Cystic_Fibrosis,Asthma
Asthma,Cystic_Fibrosis
Colon_and_Rectal_Cancer,Head_and_Neck_Cancer
Head_and_Neck_Cancer,Colon_and_Rectal_Cancer
Rectal_Cancer,Lower_Grade_Glioma
Lower_Grade_Glioma,Rectal_Cancer
Lower_Grade_Glioma,Endometrioid_Cancer
Endometrioid_Cancer,Lower_Grade_Glioma
Susceptibility_to_Infections,Coronary_artery_disease
Coronary_artery_disease,Susceptibility_to_Infections
Large_B-cell_Lymphoma,Bladder_Cancer
Bladder_Cancer,Large_B-cell_Lymphoma
Asthma,lower_grade_glioma_and_glioblastoma
lower_grade_glioma_and_glioblastoma,Asthma
Atrial_Fibrillation,Inflammatory_Disorders
Inflammatory_Disorders,Atrial_Fibrillation
COVID-19,HIV_Resistance
HIV_Resistance,COVID-19
Obstructive_sleep_apnea,Chronic_kidney_disease
Chronic_kidney_disease,Obstructive_sleep_apnea
Sjögrens_Syndrome,Inflammatory_Disorders
Inflammatory_Disorders,Sjögrens_Syndrome
Susceptibility_to_Infections,Lower_Grade_Glioma
Lower_Grade_Glioma,Susceptibility_to_Infections
Kidney_Papillary_Cell_Carcinoma,Asthma
Asthma,Kidney_Papillary_Cell_Carcinoma
Celiac_Disease,Sjögrens_Syndrome
Sjögrens_Syndrome,Celiac_Disease
Liver_cirrhosis,Ankylosing_Spondylitis
Ankylosing_Spondylitis,Liver_cirrhosis
Chronic_kidney_disease,Osteoporosis
Osteoporosis,Chronic_kidney_disease
Liver_Cancer,Chronic_kidney_disease
Chronic_kidney_disease,Liver_Cancer
Chronic_obstructive_pulmonary_disease_(COPD),Inflammatory_Disorders
Inflammatory_Disorders,Chronic_obstructive_pulmonary_disease_(COPD)
Parkinsons_Disease,Age
Kidney_Papillary_Cell_Carcinoma,Coronary_artery_disease
Coronary_artery_disease,Kidney_Papillary_Cell_Carcinoma
Ankylosing_Spondylitis,Chronic_obstructive_pulmonary_disease_(COPD)
Chronic_obstructive_pulmonary_disease_(COPD),Ankylosing_Spondylitis
Chronic_obstructive_pulmonary_disease_(COPD),Gender
Atrial_Fibrillation,Gender
Pancreatic_Cancer,Lupus_(Systemic_Lupus_Erythematosus)
Lupus_(Systemic_Lupus_Erythematosus),Pancreatic_Cancer
Osteoarthritis,Esophageal_Cancer
Esophageal_Cancer,Osteoarthritis
Cystic_Fibrosis,Chronic_kidney_disease
Chronic_kidney_disease,Cystic_Fibrosis
Asthma,Ankylosing_Spondylitis
Ankylosing_Spondylitis,Asthma
Osteoarthritis,Large_B-cell_Lymphoma
Large_B-cell_Lymphoma,Osteoarthritis
Coronary_artery_disease,Crohns_Disease
Crohns_Disease,Coronary_artery_disease
lower_grade_glioma_and_glioblastoma,Lupus_(Systemic_Lupus_Erythematosus)
Lupus_(Systemic_Lupus_Erythematosus),lower_grade_glioma_and_glioblastoma
lower_grade_glioma_and_glioblastoma,Liver_cirrhosis
Liver_cirrhosis,lower_grade_glioma_and_glioblastoma
Osteoarthritis,Crohns_Disease
Crohns_Disease,Osteoarthritis
Lupus_(Systemic_Lupus_Erythematosus),Bladder_Cancer
Bladder_Cancer,Lupus_(Systemic_Lupus_Erythematosus)
Lupus_(Systemic_Lupus_Erythematosus),Gender
Lower_Grade_Glioma,Osteoporosis
Osteoporosis,Lower_Grade_Glioma
Ankylosing_Spondylitis,Sjögrens_Syndrome
Sjögrens_Syndrome,Ankylosing_Spondylitis
Osteoporosis,Type_1_Diabetes_Risk
Type_1_Diabetes_Risk,Osteoporosis
Liver_cirrhosis,Coronary_artery_disease
Coronary_artery_disease,Liver_cirrhosis
Glucocorticoid_Sensitivity,Lung_Cancer
Lung_Cancer,Glucocorticoid_Sensitivity
Susceptibility_to_Infections,lower_grade_glioma_and_glioblastoma
lower_grade_glioma_and_glioblastoma,Susceptibility_to_Infections
lower_grade_glioma_and_glioblastoma,Coronary_artery_disease
Coronary_artery_disease,lower_grade_glioma_and_glioblastoma
Parkinsons_Disease,HIV_Resistance
HIV_Resistance,Parkinsons_Disease
Obesity,Osteoarthritis
Osteoarthritis,Obesity
Crohns_Disease,lower_grade_glioma_and_glioblastoma
lower_grade_glioma_and_glioblastoma,Crohns_Disease
Kidney_Papillary_Cell_Carcinoma,Lupus_(Systemic_Lupus_Erythematosus)
Lupus_(Systemic_Lupus_Erythematosus),Kidney_Papillary_Cell_Carcinoma
COVID-19,Obstructive_sleep_apnea
Obstructive_sleep_apnea,COVID-19
Chronic_obstructive_pulmonary_disease_(COPD),Head_and_Neck_Cancer
Head_and_Neck_Cancer,Chronic_obstructive_pulmonary_disease_(COPD)
Head_and_Neck_Cancer,Rectal_Cancer
Rectal_Cancer,Head_and_Neck_Cancer
Atrial_Fibrillation,Type_1_Diabetes_Risk
Type_1_Diabetes_Risk,Atrial_Fibrillation
Obesity,Chronic_kidney_disease
Chronic_kidney_disease,Obesity
Breast_Cancer,Thyroid_Cancer
Thyroid_Cancer,Breast_Cancer
Kidney_Papillary_Cell_Carcinoma,Age
Breast_Cancer,Osteoarthritis
Osteoarthritis,Breast_Cancer
Atrial_Fibrillation,Chronic_obstructive_pulmonary_disease_(COPD)
Chronic_obstructive_pulmonary_disease_(COPD),Atrial_Fibrillation
Obesity,Bladder_Cancer
Bladder_Cancer,Obesity
Susceptibility_to_Infections,Celiac_Disease
Celiac_Disease,Susceptibility_to_Infections
Coronary_artery_disease,Chronic_obstructive_pulmonary_disease_(COPD)
Chronic_obstructive_pulmonary_disease_(COPD),Coronary_artery_disease
Liver_cirrhosis,Lower_Grade_Glioma
Lower_Grade_Glioma,Liver_cirrhosis
Ankylosing_Spondylitis,Obstructive_sleep_apnea
Obstructive_sleep_apnea,Ankylosing_Spondylitis
Post-Traumatic_Stress_Disorder,Obsessive-Compulsive_Disorder
Obsessive-Compulsive_Disorder,Post-Traumatic_Stress_Disorder
Lupus_(Systemic_Lupus_Erythematosus),Cervical_Cancer
Cervical_Cancer,Lupus_(Systemic_Lupus_Erythematosus)
Susceptibility_to_Infections,Large_B-cell_Lymphoma
Large_B-cell_Lymphoma,Susceptibility_to_Infections
lower_grade_glioma_and_glioblastoma,Osteoporosis
Osteoporosis,lower_grade_glioma_and_glioblastoma
Inflammatory_Disorders,Cystic_Fibrosis
Cystic_Fibrosis,Inflammatory_Disorders
Cervical_Cancer,Large_B-cell_Lymphoma
Large_B-cell_Lymphoma,Cervical_Cancer
Cervical_Cancer,Coronary_artery_disease
Coronary_artery_disease,Cervical_Cancer
Large_B-cell_Lymphoma,Thyroid_Cancer
Thyroid_Cancer,Large_B-cell_Lymphoma
Asthma,Breast_Cancer
Breast_Cancer,Asthma
Inflammatory_Disorders,Breast_Cancer
Breast_Cancer,Inflammatory_Disorders
Chronic_obstructive_pulmonary_disease_(COPD),Crohns_Disease
Crohns_Disease,Chronic_obstructive_pulmonary_disease_(COPD)
Osteoarthritis,COVID-19
COVID-19,Osteoarthritis
Large_B-cell_Lymphoma,Pancreatic_Cancer
Pancreatic_Cancer,Large_B-cell_Lymphoma
Lung_Cancer,Atrial_Fibrillation
Atrial_Fibrillation,Lung_Cancer
Liver_cirrhosis,Chronic_kidney_disease
Chronic_kidney_disease,Liver_cirrhosis
Chronic_obstructive_pulmonary_disease_(COPD),Endometriosis
Endometriosis,Chronic_obstructive_pulmonary_disease_(COPD)
Atrial_Fibrillation,lower_grade_glioma_and_glioblastoma
lower_grade_glioma_and_glioblastoma,Atrial_Fibrillation
Liver_cirrhosis,Endometriosis
Endometriosis,Liver_cirrhosis
Esophageal_Cancer,Head_and_Neck_Cancer
Head_and_Neck_Cancer,Esophageal_Cancer
Thyroid_Cancer,Age
Type_1_Diabetes_Risk,Large_B-cell_Lymphoma
Large_B-cell_Lymphoma,Type_1_Diabetes_Risk
Endometriosis,Endometrioid_Cancer
Endometrioid_Cancer,Endometriosis
Asthma,Sjögrens_Syndrome
Sjögrens_Syndrome,Asthma
Obesity,Endometriosis
Endometriosis,Obesity
Crohns_Disease,Celiac_Disease
Celiac_Disease,Crohns_Disease
Osteoarthritis,Ankylosing_Spondylitis
Ankylosing_Spondylitis,Osteoarthritis
Liver_cirrhosis,Obstructive_sleep_apnea
Obstructive_sleep_apnea,Liver_cirrhosis
Endometriosis,Glucocorticoid_Sensitivity
Glucocorticoid_Sensitivity,Endometriosis
Obstructive_sleep_apnea,Coronary_artery_disease
Coronary_artery_disease,Obstructive_sleep_apnea
Chronic_kidney_disease,Ankylosing_Spondylitis
Ankylosing_Spondylitis,Chronic_kidney_disease
Lupus_(Systemic_Lupus_Erythematosus),Liver_Cancer
Liver_Cancer,Lupus_(Systemic_Lupus_Erythematosus)
Endometrioid_Cancer,Kidney_Papillary_Cell_Carcinoma
Kidney_Papillary_Cell_Carcinoma,Endometrioid_Cancer
Inflammatory_Disorders,Esophageal_Cancer
Esophageal_Cancer,Inflammatory_Disorders
Obesity,Gender
Parkinsons_Disease,Coronary_artery_disease
Coronary_artery_disease,Parkinsons_Disease
Large_B-cell_Lymphoma,Esophageal_Cancer
Esophageal_Cancer,Large_B-cell_Lymphoma
Lower_Grade_Glioma,Parkinsons_Disease
Parkinsons_Disease,Lower_Grade_Glioma
Inflammatory_Disorders,Ankylosing_Spondylitis
Ankylosing_Spondylitis,Inflammatory_Disorders
Kidney_Papillary_Cell_Carcinoma,Crohns_Disease
Crohns_Disease,Kidney_Papillary_Cell_Carcinoma
Rectal_Cancer,Endometrioid_Cancer
Endometrioid_Cancer,Rectal_Cancer
Ankylosing_Spondylitis,Osteoporosis
Osteoporosis,Ankylosing_Spondylitis
Esophageal_Cancer,Coronary_artery_disease
Coronary_artery_disease,Esophageal_Cancer
Endometrioid_Cancer,Colon_and_Rectal_Cancer
Colon_and_Rectal_Cancer,Endometrioid_Cancer
Thyroid_Cancer,Asthma
Asthma,Thyroid_Cancer
Asthma,Parkinsons_Disease
Parkinsons_Disease,Asthma
Glucocorticoid_Sensitivity,Chronic_kidney_disease
Chronic_kidney_disease,Glucocorticoid_Sensitivity
Kidney_Papillary_Cell_Carcinoma,Gender
Endometriosis,Ankylosing_Spondylitis
Ankylosing_Spondylitis,Endometriosis
Crohns_Disease,Gender
Glucocorticoid_Sensitivity,Atrial_Fibrillation
Atrial_Fibrillation,Glucocorticoid_Sensitivity
Lower_Grade_Glioma,Atrial_Fibrillation
Atrial_Fibrillation,Lower_Grade_Glioma
Susceptibility_to_Infections,Osteoarthritis
Osteoarthritis,Susceptibility_to_Infections
Coronary_artery_disease,Thyroid_Cancer
Thyroid_Cancer,Coronary_artery_disease
Parkinsons_Disease,Gender
Kidney_Papillary_Cell_Carcinoma,Glucocorticoid_Sensitivity
Glucocorticoid_Sensitivity,Kidney_Papillary_Cell_Carcinoma
lower_grade_glioma_and_glioblastoma,Age
Endometriosis,Breast_Cancer
Breast_Cancer,Endometriosis
Chronic_kidney_disease,Pancreatic_Cancer
Pancreatic_Cancer,Chronic_kidney_disease
Large_B-cell_Lymphoma,Asthma
Asthma,Large_B-cell_Lymphoma
Lung_Cancer,Chronic_obstructive_pulmonary_disease_(COPD)
Chronic_obstructive_pulmonary_disease_(COPD),Lung_Cancer
Large_B-cell_Lymphoma,Crohns_Disease
Crohns_Disease,Large_B-cell_Lymphoma
Atrial_Fibrillation,Osteoarthritis
Osteoarthritis,Atrial_Fibrillation
Alopecia,Psoriatic_Arthritis
Psoriatic_Arthritis,Alopecia
Liver_cirrhosis,Glucocorticoid_Sensitivity
Glucocorticoid_Sensitivity,Liver_cirrhosis
Lupus_(Systemic_Lupus_Erythematosus),Obesity
Obesity,Lupus_(Systemic_Lupus_Erythematosus)
Liver_cirrhosis,Type_1_Diabetes_Risk
Type_1_Diabetes_Risk,Liver_cirrhosis
Sjögrens_Syndrome,Obstructive_sleep_apnea
Obstructive_sleep_apnea,Sjögrens_Syndrome
Ankylosing_Spondylitis,Celiac_Disease
Celiac_Disease,Ankylosing_Spondylitis
Endometrioid_Cancer,Liver_Cancer
Liver_Cancer,Endometrioid_Cancer
Obstructive_sleep_apnea,Susceptibility_to_Infections
Susceptibility_to_Infections,Obstructive_sleep_apnea
Esophageal_Cancer,Rectal_Cancer
Rectal_Cancer,Esophageal_Cancer
Large_B-cell_Lymphoma,Glucocorticoid_Sensitivity
Glucocorticoid_Sensitivity,Large_B-cell_Lymphoma
Crohns_Disease,Cystic_Fibrosis
Cystic_Fibrosis,Crohns_Disease
Inflammatory_Disorders,Obstructive_sleep_apnea
Obstructive_sleep_apnea,Inflammatory_Disorders
Kidney_Papillary_Cell_Carcinoma,Breast_Cancer
Breast_Cancer,Kidney_Papillary_Cell_Carcinoma
Osteoporosis,Thyroid_Cancer
Thyroid_Cancer,Osteoporosis
Head_and_Neck_Cancer,Thyroid_Cancer
Thyroid_Cancer,Head_and_Neck_Cancer
Psoriatic_Arthritis,Sjögrens_Syndrome
Sjögrens_Syndrome,Psoriatic_Arthritis
Head_and_Neck_Cancer,Inflammatory_Disorders
Inflammatory_Disorders,Head_and_Neck_Cancer
Lupus_(Systemic_Lupus_Erythematosus),Thyroid_Cancer
Thyroid_Cancer,Lupus_(Systemic_Lupus_Erythematosus)
Head_and_Neck_Cancer,Gender
Asthma,Atrial_Fibrillation
Atrial_Fibrillation,Asthma
Liver_Cancer,Coronary_artery_disease
Coronary_artery_disease,Liver_Cancer
Head_and_Neck_Cancer,Endometrioid_Cancer
Endometrioid_Cancer,Head_and_Neck_Cancer
Cystic_Fibrosis,Sjögrens_Syndrome
Sjögrens_Syndrome,Cystic_Fibrosis
Parkinsons_Disease,Endometriosis
Endometriosis,Parkinsons_Disease
Chronic_kidney_disease,Bladder_Cancer
Bladder_Cancer,Chronic_kidney_disease
Esophageal_Cancer,Lupus_(Systemic_Lupus_Erythematosus)
Lupus_(Systemic_Lupus_Erythematosus),Esophageal_Cancer
Parkinsons_Disease,Chronic_kidney_disease
Chronic_kidney_disease,Parkinsons_Disease
Chronic_kidney_disease,Polycystic_Kidney_Disease
Polycystic_Kidney_Disease,Chronic_kidney_disease
Cystic_Fibrosis,Lung_Cancer
Lung_Cancer,Cystic_Fibrosis
Obsessive-Compulsive_Disorder,Anxiety_disorder
Anxiety_disorder,Obsessive-Compulsive_Disorder
Chronic_obstructive_pulmonary_disease_(COPD),Lupus_(Systemic_Lupus_Erythematosus)
Lupus_(Systemic_Lupus_Erythematosus),Chronic_obstructive_pulmonary_disease_(COPD)
Chronic_obstructive_pulmonary_disease_(COPD),Psoriatic_Arthritis
Psoriatic_Arthritis,Chronic_obstructive_pulmonary_disease_(COPD)
Crohns_Disease,Liver_cirrhosis
Liver_cirrhosis,Crohns_Disease
Osteoarthritis,Parkinsons_Disease
Parkinsons_Disease,Osteoarthritis
COVID-19,Age
Sjögrens_Syndrome,Endometriosis
Endometriosis,Sjögrens_Syndrome
Liver_cirrhosis,Lupus_(Systemic_Lupus_Erythematosus)
Lupus_(Systemic_Lupus_Erythematosus),Liver_cirrhosis
Glucocorticoid_Sensitivity,Osteoarthritis
Osteoarthritis,Glucocorticoid_Sensitivity
Liver_cirrhosis,Liver_Cancer
Liver_Cancer,Liver_cirrhosis
Lung_Cancer,Liver_cirrhosis
Liver_cirrhosis,Lung_Cancer
Glucocorticoid_Sensitivity,Osteoporosis
Osteoporosis,Glucocorticoid_Sensitivity
Sjögrens_Syndrome,Liver_cirrhosis
Liver_cirrhosis,Sjögrens_Syndrome
Glucocorticoid_Sensitivity,Crohns_Disease
Crohns_Disease,Glucocorticoid_Sensitivity
Liver_Cancer,Asthma
Asthma,Liver_Cancer
Thyroid_Cancer,Gender
Chronic_kidney_disease,Cervical_Cancer
Cervical_Cancer,Chronic_kidney_disease
Thyroid_Cancer,Chronic_kidney_disease
Chronic_kidney_disease,Thyroid_Cancer
Chronic_obstructive_pulmonary_disease_(COPD),Osteoporosis
Osteoporosis,Chronic_obstructive_pulmonary_disease_(COPD)
Obstructive_sleep_apnea,Glucocorticoid_Sensitivity
Glucocorticoid_Sensitivity,Obstructive_sleep_apnea
Esophageal_Cancer,Colon_and_Rectal_Cancer
Colon_and_Rectal_Cancer,Esophageal_Cancer
Glucocorticoid_Sensitivity,Colon_and_Rectal_Cancer
Colon_and_Rectal_Cancer,Glucocorticoid_Sensitivity
Coronary_artery_disease,Ankylosing_Spondylitis
Ankylosing_Spondylitis,Coronary_artery_disease
Obstructive_sleep_apnea,Cystic_Fibrosis
Cystic_Fibrosis,Obstructive_sleep_apnea
Liver_cirrhosis,Atrial_Fibrillation
Atrial_Fibrillation,Liver_cirrhosis
Cervical_Cancer,Obesity
Obesity,Cervical_Cancer
Chronic_kidney_disease,Large_B-cell_Lymphoma
Large_B-cell_Lymphoma,Chronic_kidney_disease
Atrial_Fibrillation,COVID-19
COVID-19,Atrial_Fibrillation
Breast_Cancer,Coronary_artery_disease
Coronary_artery_disease,Breast_Cancer
Kidney_Papillary_Cell_Carcinoma,Colon_and_Rectal_Cancer
Colon_and_Rectal_Cancer,Kidney_Papillary_Cell_Carcinoma
Susceptibility_to_Infections,Glucocorticoid_Sensitivity
Glucocorticoid_Sensitivity,Susceptibility_to_Infections
Coronary_artery_disease,Large_B-cell_Lymphoma
Large_B-cell_Lymphoma,Coronary_artery_disease
lower_grade_glioma_and_glioblastoma,Obstructive_sleep_apnea
Obstructive_sleep_apnea,lower_grade_glioma_and_glioblastoma
Liver_Cancer,Age
Head_and_Neck_Cancer,Large_B-cell_Lymphoma
Large_B-cell_Lymphoma,Head_and_Neck_Cancer
Ankylosing_Spondylitis,Lower_Grade_Glioma
Lower_Grade_Glioma,Ankylosing_Spondylitis
Ankylosing_Spondylitis,Type_1_Diabetes_Risk
Type_1_Diabetes_Risk,Ankylosing_Spondylitis
Ankylosing_Spondylitis,Gender
Parkinsons_Disease,Pancreatic_Cancer
Pancreatic_Cancer,Parkinsons_Disease
lower_grade_glioma_and_glioblastoma,Parkinsons_Disease
Parkinsons_Disease,lower_grade_glioma_and_glioblastoma
Sjögrens_Syndrome,Crohns_Disease
Parkinsons_Disease,Obesity
Obesity,Parkinsons_Disease
Crohns_Disease,Sjögrens_Syndrome
Kidney_Papillary_Cell_Carcinoma,Rectal_Cancer
Rectal_Cancer,Kidney_Papillary_Cell_Carcinoma
Osteoporosis,Asthma
Asthma,Osteoporosis
Pancreatic_Cancer,Crohns_Disease
Crohns_Disease,Pancreatic_Cancer
Asthma,Esophageal_Cancer
Esophageal_Cancer,Asthma
Chronic_obstructive_pulmonary_disease_(COPD),Osteoarthritis
Osteoarthritis,Chronic_obstructive_pulmonary_disease_(COPD)
Endometriosis,Atrial_Fibrillation
Atrial_Fibrillation,Endometriosis
HIV_Resistance,Glucocorticoid_Sensitivity
Glucocorticoid_Sensitivity,HIV_Resistance
Coronary_artery_disease,Cystic_Fibrosis
Cystic_Fibrosis,Coronary_artery_disease
Cystic_Fibrosis,Gender
Large_B-cell_Lymphoma,Colon_and_Rectal_Cancer
Colon_and_Rectal_Cancer,Large_B-cell_Lymphoma
Osteoporosis,Atrial_Fibrillation
Atrial_Fibrillation,Osteoporosis
Lung_Cancer,Rectal_Cancer
Rectal_Cancer,Lung_Cancer
Bladder_Cancer,Gender
Atrial_Fibrillation,Arrhythmia
Arrhythmia,Atrial_Fibrillation
Asthma,Liver_cirrhosis
Liver_cirrhosis,Asthma
Type_1_Diabetes_Risk,Cystic_Fibrosis
Cystic_Fibrosis,Type_1_Diabetes_Risk
Esophageal_Cancer,Age
COVID-19,Large_B-cell_Lymphoma
Large_B-cell_Lymphoma,COVID-19
Thyroid_Cancer,Endometrioid_Cancer
Endometrioid_Cancer,Thyroid_Cancer
Colon_and_Rectal_Cancer,Liver_Cancer
Liver_Cancer,Colon_and_Rectal_Cancer
Endometrioid_Cancer,Lung_Cancer
Lung_Cancer,Endometrioid_Cancer
Lupus_(Systemic_Lupus_Erythematosus),Parkinsons_Disease
Parkinsons_Disease,Lupus_(Systemic_Lupus_Erythematosus)
Liver_Cancer,Osteoporosis
Osteoporosis,Liver_Cancer
Glucocorticoid_Sensitivity,Rectal_Cancer
Rectal_Cancer,Glucocorticoid_Sensitivity
Glucocorticoid_Sensitivity,Type_1_Diabetes_Risk
Type_1_Diabetes_Risk,Glucocorticoid_Sensitivity
Thyroid_Cancer,Crohns_Disease
Crohns_Disease,Thyroid_Cancer
Liver_Cancer,Rectal_Cancer
Rectal_Cancer,Liver_Cancer
Bladder_Cancer,Osteoporosis
Osteoporosis,Bladder_Cancer
Ankylosing_Spondylitis,Cystic_Fibrosis
Cystic_Fibrosis,Ankylosing_Spondylitis
Glucocorticoid_Sensitivity,Coronary_artery_disease
Coronary_artery_disease,Glucocorticoid_Sensitivity
Lung_Cancer,Ankylosing_Spondylitis
Ankylosing_Spondylitis,Lung_Cancer
Type_1_Diabetes_Risk,Chronic_obstructive_pulmonary_disease_(COPD)
Chronic_obstructive_pulmonary_disease_(COPD),Type_1_Diabetes_Risk
Psoriatic_Arthritis,Eczema
Eczema,Psoriatic_Arthritis
lower_grade_glioma_and_glioblastoma,Ankylosing_Spondylitis
Ankylosing_Spondylitis,lower_grade_glioma_and_glioblastoma
Liver_cirrhosis,Osteoarthritis
Osteoarthritis,Liver_cirrhosis
Bladder_Cancer,Head_and_Neck_Cancer
Head_and_Neck_Cancer,Bladder_Cancer
Cystic_Fibrosis,Endometriosis
Endometriosis,Cystic_Fibrosis
Lupus_(Systemic_Lupus_Erythematosus),Breast_Cancer
Breast_Cancer,Lupus_(Systemic_Lupus_Erythematosus)
Esophageal_Cancer,Osteoporosis
Osteoporosis,Esophageal_Cancer
Esophageal_Cancer,Chronic_kidney_disease
Chronic_kidney_disease,Esophageal_Cancer
Large_B-cell_Lymphoma,Rectal_Cancer
Rectal_Cancer,Large_B-cell_Lymphoma
Cystic_Fibrosis,Lupus_(Systemic_Lupus_Erythematosus)
Lupus_(Systemic_Lupus_Erythematosus),Cystic_Fibrosis
Glucocorticoid_Sensitivity,Head_and_Neck_Cancer
Head_and_Neck_Cancer,Glucocorticoid_Sensitivity
Glucocorticoid_Sensitivity,Liver_Cancer
Liver_Cancer,Glucocorticoid_Sensitivity
Glucocorticoid_Sensitivity,Cystic_Fibrosis
Cystic_Fibrosis,Glucocorticoid_Sensitivity
Crohns_Disease,Obesity
Obesity,Crohns_Disease
Sjögrens_Syndrome,Chronic_kidney_disease
Chronic_kidney_disease,Sjögrens_Syndrome
Atrial_Fibrillation,Susceptibility_to_Infections
Susceptibility_to_Infections,Atrial_Fibrillation
Crohns_Disease,Osteoporosis
Osteoporosis,Crohns_Disease
Cystic_Fibrosis,Liver_cirrhosis
Liver_cirrhosis,Cystic_Fibrosis
Esophageal_Cancer,Endometrioid_Cancer
Endometrioid_Cancer,Esophageal_Cancer
Parkinsons_Disease,COVID-19
COVID-19,Parkinsons_Disease
Lower_Grade_Glioma,Obstructive_sleep_apnea
Obstructive_sleep_apnea,Lower_Grade_Glioma
Alopecia,Susceptibility_to_Infections
Susceptibility_to_Infections,Alopecia
Thymoma,Ocular_Melanomas
Ocular_Melanomas,Thymoma
Alopecia,Ankylosing_Spondylitis
Ankylosing_Spondylitis,Alopecia
Esophageal_Cancer,Breast_Cancer
Breast_Cancer,Esophageal_Cancer
Osteoporosis,Lupus_(Systemic_Lupus_Erythematosus)
Lupus_(Systemic_Lupus_Erythematosus),Osteoporosis
Lung_Cancer,Colon_and_Rectal_Cancer
Colon_and_Rectal_Cancer,Lung_Cancer
Coronary_artery_disease,Sjögrens_Syndrome
Sjögrens_Syndrome,Coronary_artery_disease
Osteoporosis,Kidney_Papillary_Cell_Carcinoma
Kidney_Papillary_Cell_Carcinoma,Osteoporosis
Lower_Grade_Glioma,Obesity
COVID-19,Obesity
Thyroid_Cancer,Obesity
Kidney_Papillary_Cell_Carcinoma,Obesity
Liver_Cancer,Obesity
Osteoporosis,Obesity
Atrial_Fibrillation,Obesity
lower_grade_glioma_and_glioblastoma,Obesity
Susceptibility_to_Infections,Obesity
Bipolar_disorder,Obesity
Chronic_obstructive_pulmonary_disease_(COPD),Obesity
Esophageal_Cancer,Obesity
Glucocorticoid_Sensitivity,Obesity
Large_B-cell_Lymphoma,Obesity
Cystic_Fibrosis,Obesity
Liver_cirrhosis,Obesity
Obstructive_sleep_apnea,Obesity
Ankylosing_Spondylitis,Obesity
Sjögrens_Syndrome,Obesity
Head_and_Neck_Cancer,Obesity
Celiac_Disease,Obesity
Alopecia,Obesity
Endometrioid_Cancer,Obesity
Rectal_Cancer,Obesity
Colon_and_Rectal_Cancer,Obesity
Huntingtons_Disease,Obesity
Intellectual_Disability,Obesity
Psoriatic_Arthritis,Obesity
Irritable_bowel_syndrome_(IBS),Obesity
Polycystic_Kidney_Disease,Obesity
Eczema,Obesity
Stomach_Cancer,Obesity
Physical_Exercise_Response,Obesity
Bone_Density,Obesity
Chronic_Fatigue_Syndrome,Obesity
Post-Traumatic_Stress_Disorder,Obesity
Ocular_Melanomas,Obesity
Obsessive-Compulsive_Disorder,Obesity
Thymoma,Obesity
Autism_spectrum_disorder_(ASD),Obesity
Duchenne_Muscular_Dystrophy,Obesity
Arrhythmia,Obesity
Essential_Thrombocythemia,Obesity
Anxiety_disorder,Obesity
Gaucher_Disease,Obesity
Autoinflammatory_Disorders,Obesity
Uterine_Corpus_Endometrial_Carcinoma,Obesity
Generalized_Anxiety_Disorder,Obesity
Underweight,Obesity
Kidney_Chromophobe,Obesity
Gastroesophageal_reflux_disease_(GERD),Obesity
Uterine_Carcinosarcoma,Obesity
Bile_Duct_Cancer,Obesity
Multiple_Endocrine_Neoplasia_Type_2,Obesity
Substance_Use_Disorder,Obesity
Mitochondrial_Disorders,Obesity
Kidney_stones,Obesity
Aniridia,Obesity
Multiple_Chemical_Sensitivity,Obesity
